Feature ID	Taxon	Confidence
65d43491988bfe557da4d86a5ba25dae	d__Bacteria;p__Firmicutes;c__Bacilli;o__Staphylococcales;f__Staphylococcaceae;g__Staphylococcus;s__	0.997399336380128
bdf8a26094624622d68509a87fa75ba7	d__Bacteria;p__Firmicutes;c__Bacilli;o__Bacillales	0.9723476196133756
2385fe1c2dd5a3f83237272a6644088b	d__Bacteria;p__Deinococcota;c__Deinococci;o__Deinococcales;f__Deinococcaceae;g__Deinococcus;s__	0.9999969961825381
ea403646ed22d679fa4586263d8fc32f	d__Bacteria;p__Proteobacteria;c__Gammaproteobacteria;o__Pseudomonadales;f__Moraxellaceae;g__Acinetobacter;s__	0.9998810872499176
4e8d7a4662640b90817f015280cf5713	d__Bacteria;p__Firmicutes;c__Clostridia;o__Clostridiales;f__Clostridiaceae;g__Clostridium_sensu_stricto_1;s__	0.957045821468073
8224351b2abd16dd4d58c3015ff5e795	d__Bacteria;p__Proteobacteria;c__Gammaproteobacteria;o__Burkholderiales;f__Neisseriaceae;g__Neisseria;s__	0.9993672006098814
e832be098a5318684958d14305267752	d__Bacteria;p__Campylobacterota;c__Campylobacteria;o__Campylobacterales;f__Helicobacteraceae;g__Helicobacter;s__	0.9999996060635746
ff9d93d7b7e46787568f2d241caeaf3b	d__Bacteria;p__Proteobacteria;c__Gammaproteobacteria;o__Pseudomonadales;f__Pseudomonadaceae;g__Pseudomonas;s__	0.9555426780461536
e7cfd084265c4df4856ca07b1c9b24ee	d__Bacteria;p__Firmicutes;c__Bacilli;o__Lactobacillales;f__Streptococcaceae;g__Streptococcus;s__	0.9913036551052078
d46e2205f0c6ecf67b51f83d111c509c	d__Bacteria;p__Proteobacteria;c__Gammaproteobacteria;o__Enterobacterales;f__Enterobacteriaceae;g__Escherichia-Shigella;s__	0.9083432069252664
8ae518dbb29595b3f79214be0b589066	d__Bacteria;p__Firmicutes;c__Bacilli;o__Lactobacillales;f__Listeriaceae;g__Listeria;s__	0.9987184104347586
9908fffab7ed4f3bec44cda2f5084d49	d__Bacteria;p__Firmicutes;c__Bacilli;o__Lactobacillales;f__Enterococcaceae;g__Enterococcus;s__	0.7093719109754432
99deb3c5ecb022ec05609ebd1112a557	d__Bacteria;p__Bacteroidota;c__Bacteroidia;o__Bacteroidales;f__Bacteroidaceae;g__Bacteroides;s__	0.9999859855321698
df8456a1abbfb4c8a2c450b44378d4cb	d__Bacteria;p__Actinobacteriota;c__Actinobacteria;o__Actinomycetales;f__Actinomycetaceae;g__Actinomyces;s__	0.9999911588931413
c357e92bb96f4862be2224d948ed14ae	d__Bacteria;p__Firmicutes;c__Bacilli;o__Staphylococcales;f__Staphylococcaceae;g__Staphylococcus;s__	0.9924253653589736
e3055f1b3a2ef5ffe239567f02e0e758	d__Bacteria;p__Firmicutes;c__Bacilli;o__Lactobacillales;f__Streptococcaceae;g__Streptococcus;s__	0.9996668612545414
dffc86cefa76e3e3d93e7eea450e6807	d__Bacteria;p__Proteobacteria;c__Alphaproteobacteria;o__Rhodobacterales;f__Rhodobacteraceae	0.9992796862864994
0df6c802966e8670279671824da4f10a	d__Bacteria;p__Firmicutes;c__Bacilli;o__Lactobacillales;f__Lactobacillaceae	0.9999939313496061
878e597e7fe8a2e644380740245e0e1a	d__Bacteria;p__Deinococcota;c__Deinococci;o__Deinococcales;f__Deinococcaceae;g__Deinococcus;s__	0.9999998833679695
6631a4962ed2b226aaed1d08510ed5c1	d__Bacteria;p__Bacteroidota;c__Bacteroidia;o__Bacteroidales;f__Bacteroidaceae;g__Bacteroides;s__	0.999991257793042
d2cff1d6b5ea4512b2d98ab3e9fb4dd4	d__Bacteria;p__Proteobacteria;c__Gammaproteobacteria;o__Burkholderiales;f__Neisseriaceae;g__Neisseria;s__	0.9994593426702435
e21e804c8cb49a5e0492b8fc5454220f	d__Bacteria;p__Bacteroidota;c__Bacteroidia;o__Bacteroidales;f__Porphyromonadaceae;g__Porphyromonas;s__	0.9944447594935983
1852e832efdfe4c7bae40fd60b0b433f	d__Bacteria;p__Bacteroidota;c__Bacteroidia;o__Bacteroidales;f__Porphyromonadaceae;g__Porphyromonas;s__	0.9972895374512971
b6433c0ebd3432bfac81026671042fe2	d__Bacteria;p__Firmicutes;c__Bacilli;o__Bacillales;f__Bacillaceae;g__Bacillus;s__	0.9181565246784212
6e0c95a79387957ffd7b5651fe559e10	d__Bacteria;p__Bacteroidota;c__Bacteroidia;o__Bacteroidales;f__Bacteroidaceae;g__Bacteroides;s__	0.9999915607392309
1b2ec5a828629a259819811ec86f1cbc	d__Bacteria;p__Firmicutes;c__Bacilli;o__Lactobacillales;f__Streptococcaceae;g__Streptococcus;s__	0.9995382002060268
b2062ae94fb00a931014b67b499295a8	d__Bacteria;p__Bacteroidota;c__Bacteroidia;o__Bacteroidales;f__Bacteroidaceae;g__Bacteroides;s__	0.999982576266385
5403d132d2a70f2009a675628b65526b	d__Bacteria;p__Firmicutes;c__Bacilli;o__Lactobacillales;f__Enterococcaceae;g__Enterococcus;s__	0.7180194643824427
83168151958cf0c09a4407b3d73d5320	d__Bacteria;p__Proteobacteria;c__Gammaproteobacteria;o__Pseudomonadales;f__Moraxellaceae;g__Acinetobacter;s__	0.9999871594970273
8b3d43a6338bca9e25ce1589254899a2	d__Bacteria;p__Proteobacteria;c__Alphaproteobacteria;o__Rhodobacterales;f__Rhodobacteraceae	0.9999990711116311
e632a1fe68cdda470b071116c7c3c901	d__Bacteria;p__Firmicutes;c__Bacilli;o__Lactobacillales;f__Lactobacillaceae	0.999997224516453
8001826dafd338cf078dd28c2eae05ed	d__Bacteria;p__Bacteroidota;c__Bacteroidia;o__Bacteroidales;f__Bacteroidaceae;g__Bacteroides;s__	0.9999740658600971
bb125749dbf9ed6d76e1e7fcccef2f6e	d__Bacteria;p__Firmicutes;c__Bacilli;o__Lactobacillales;f__Streptococcaceae;g__Streptococcus;s__	0.9997592523985009
a00174964f69e788283b3d2f06a4dd8a	d__Bacteria;p__Bacteroidota;c__Bacteroidia;o__Bacteroidales;f__Bacteroidaceae;g__Bacteroides;s__	0.9999897303417922
cb97fb83d4c8cc6eccded352a4ca3f8f	d__Bacteria;p__Firmicutes;c__Clostridia;o__Clostridiales;f__Clostridiaceae;g__Clostridium_sensu_stricto_1;s__	0.9667441245216138
080e64ca3a267f4cf566e97b5c414185	d__Bacteria;p__Bacteroidota;c__Bacteroidia;o__Bacteroidales;f__Bacteroidaceae;g__Bacteroides;s__	0.9999858187807702
02df8598ac39f1ef54609afb19c8c450	d__Bacteria;p__Firmicutes;c__Bacilli;o__Lactobacillales;f__Streptococcaceae;g__Streptococcus;s__	0.9994330233537997
4fba6fef450158c1bd1cbcb5a0e8f5e5	d__Bacteria;p__Bacteroidota;c__Bacteroidia;o__Bacteroidales;f__Prevotellaceae;g__Prevotella_9;s__	0.9998594772708335
1542e91c99d9766e4afa866f20f227e2	d__Bacteria;p__Firmicutes;c__Bacilli;o__Staphylococcales;f__Staphylococcaceae;g__Staphylococcus;s__	0.9999953468714268
350cc0dbd98b7027a9f1d4103f0b02a2	d__Bacteria;p__Firmicutes;c__Clostridia;o__Clostridiales;f__Clostridiaceae;g__Clostridium_sensu_stricto_1;s__	0.9976573102059758
1425b9951771d8e436e33053dc3f60b9	d__Bacteria;p__Actinobacteriota;c__Actinobacteria;o__Actinomycetales;f__Actinomycetaceae;g__Actinomyces;s__	0.9999955877874379
42c4392b0f2ce815ed2c339e476acfe4	d__Bacteria;p__Proteobacteria;c__Gammaproteobacteria;o__Pseudomonadales;f__Moraxellaceae;g__Acinetobacter;s__	0.9999773080016277
15ecc66212de2e7c756e331988fc356b	d__Bacteria;p__Proteobacteria;c__Gammaproteobacteria;o__Enterobacterales;f__Enterobacteriaceae;g__Escherichia-Shigella;s__	0.885501802795367
b1ee3581856c578b93e8d50f56bbb739	d__Bacteria;p__Firmicutes;c__Bacilli;o__Lactobacillales;f__Streptococcaceae;g__Streptococcus;s__	0.9982101025530403
448dbd891a66d6cbc432a90f68113186	d__Bacteria;p__Proteobacteria;c__Gammaproteobacteria;o__Pseudomonadales;f__Pseudomonadaceae;g__Pseudomonas;s__	0.9892023211637085
bb8c02901bd9c2f369e5f205dcb5b725	d__Bacteria;p__Proteobacteria;c__Gammaproteobacteria;o__Pseudomonadales;f__Pseudomonadaceae;g__Pseudomonas;s__	0.9484572661258628
675c847bccbc53942ebb7b8cbb4efc4d	d__Bacteria;p__Bacteroidota;c__Bacteroidia;o__Bacteroidales;f__Prevotellaceae;g__Prevotella_9;s__	0.9997593161760981
95595a8e5962ef69862b877b403c5943	d__Bacteria;p__Firmicutes;c__Bacilli;o__Staphylococcales;f__Staphylococcaceae;g__Staphylococcus;s__	0.999994890216963
2f4a2b08eec8d8d5f66dc0d20552881f	d__Bacteria;p__Proteobacteria;c__Gammaproteobacteria;o__Enterobacterales;f__Enterobacteriaceae;g__Escherichia-Shigella;s__	0.998561396901536
a6dc2bed6569a7668b96e6a3c0309acb	d__Bacteria;p__Firmicutes;c__Clostridia;o__Clostridiales;f__Clostridiaceae;g__Clostridium_sensu_stricto_1;s__	0.9973778587144636
fd204f7a88e546b2288fb9b86489ba32	d__Bacteria;p__Bacteroidota;c__Bacteroidia;o__Bacteroidales;f__Bacteroidaceae;g__Bacteroides;s__	0.9999970009905959
4c6543b7092aba29bbede183c6a5bcee	d__Bacteria;p__Actinobacteriota;c__Actinobacteria;o__Propionibacteriales;f__Propionibacteriaceae;g__Cutibacterium;s__	0.9994930763387945
c6cdc71a1f7376db5a843ade152ed641	d__Bacteria;p__Firmicutes;c__Bacilli;o__Lactobacillales;f__Enterococcaceae;g__Enterococcus;s__	0.979460297247161
7f07df9d116ac11fcab8014ec47a8530	d__Bacteria;p__Bacteroidota;c__Bacteroidia;o__Bacteroidales;f__Prevotellaceae;g__Prevotella_9;s__	0.9999410365351761
899f472bcb20419a21a9af29154f02ea	d__Bacteria;p__Firmicutes;c__Bacilli;o__Lactobacillales;f__Listeriaceae;g__Listeria;s__	0.9999978596209359
ff60dce1df309761000c7cbf2a50f167	d__Bacteria;p__Campylobacterota;c__Campylobacteria;o__Campylobacterales;f__Helicobacteraceae;g__Helicobacter;s__	0.9999998830351513
d49defade3316e90a83eaef200a78022	d__Bacteria;p__Firmicutes;c__Bacilli;o__Lactobacillales;f__Streptococcaceae;g__Streptococcus;s__	0.9996064351850088
c8e3cc6804adcca1edc44bd1530962ee	d__Bacteria;p__Firmicutes;c__Clostridia;o__Clostridiales;f__Clostridiaceae;g__Clostridium_sensu_stricto_1;s__	0.9738878671029843
1569f7ae988e26c905ab8fab427c8a0d	d__Bacteria;p__Firmicutes;c__Negativicutes;o__Acidaminococcales;f__Acidaminococcaceae;g__Phascolarctobacterium;s__	0.9995762674847067
a0d03ba5342c2c82ac244c0c5ef28b92	d__Bacteria;p__Firmicutes;c__Bacilli;o__Bacillales;f__Bacillaceae;g__Bacillus;s__	0.9972381043579757
a3a5f80c745d186df4adaeb7f1ef8a32	d__Bacteria;p__Bacteroidota;c__Bacteroidia;o__Bacteroidales;f__Bacteroidaceae;g__Bacteroides;s__	0.9999974970004422
3f0dea331ca8721c5c4ac937442118b7	d__Bacteria;p__Proteobacteria;c__Gammaproteobacteria;o__Burkholderiales;f__Neisseriaceae;g__Neisseria;s__	0.9998803929591459
85d9007c53487899c12fbd8ba907894e	d__Bacteria;p__Firmicutes;c__Bacilli;o__Staphylococcales;f__Staphylococcaceae;g__Staphylococcus;s__	0.9973119308099254
5d0ccbddd25a6428c3692f0447f1b45c	d__Bacteria;p__Proteobacteria;c__Gammaproteobacteria;o__Pseudomonadales;f__Moraxellaceae;g__Acinetobacter;s__	0.9998596786553252
85558f30598111ad5f0afc8a0b8005dd	d__Bacteria;p__Proteobacteria;c__Gammaproteobacteria;o__Pseudomonadales;f__Pseudomonadaceae;g__Pseudomonas;s__	0.9937550352036602
6d0d2890157e32746e58a8ddfdd43897	d__Bacteria;p__Campylobacterota;c__Campylobacteria;o__Campylobacterales;f__Helicobacteraceae;g__Helicobacter;s__	0.9999999702362747
0cb434c4d57fc65887fb6ac8ab33daee	d__Bacteria;p__Bacteroidota;c__Bacteroidia;o__Bacteroidales;f__Porphyromonadaceae;g__Porphyromonas;s__	0.9997802111317314
17c5e9416d83fb634c27084389f64b62	d__Bacteria;p__Actinobacteriota;c__Actinobacteria;o__Actinomycetales;f__Actinomycetaceae;g__Actinomyces;s__	0.9998365897165494
4803fa01e0e83307a178f77a1babb7bd	d__Bacteria;p__Actinobacteriota;c__Actinobacteria;o__Actinomycetales;f__Actinomycetaceae;g__Actinomyces;s__	0.9999989763886513
31343b94deb6ad2b7282f6973326d8cc	d__Bacteria;p__Bacteroidota;c__Bacteroidia;o__Bacteroidales;f__Bacteroidaceae;g__Bacteroides;s__	0.99999645261455
ba33d15a036999df590d2a05ee466dc3	d__Bacteria;p__Deinococcota;c__Deinococci;o__Deinococcales;f__Deinococcaceae;g__Deinococcus;s__	0.9999999055619117
57f46f3ce1cb75d24fa74a3f3670affb	d__Bacteria;p__Proteobacteria;c__Alphaproteobacteria;o__Rhodobacterales;f__Rhodobacteraceae	0.9999982729760378
59777186ad2e0947e97615b5d6225136	d__Bacteria;p__Firmicutes;c__Clostridia;o__Oscillospirales;f__Ruminococcaceae;g__Faecalibacterium;s__	0.9920478403654102
93c68b0cc4cbc10f97ad9b1c0a1a9732	d__Bacteria;p__Firmicutes;c__Bacilli;o__Lactobacillales;f__Streptococcaceae;g__Streptococcus;s__	0.999709819714286
d4d06b507f9ab6c6841d5ffde84634e4	d__Bacteria;p__Proteobacteria;c__Gammaproteobacteria;o__Enterobacterales;f__Enterobacteriaceae;g__Escherichia-Shigella;s__	0.9109812372159865
c87f1cd3e2d513f619073bf01aef7695	d__Bacteria;p__Firmicutes;c__Bacilli;o__Staphylococcales;f__Staphylococcaceae;g__Staphylococcus;s__	0.9999867202331941
332a6411ff00b4010ac2397f504c4695	d__Bacteria;p__Bacteroidota;c__Bacteroidia;o__Bacteroidales;f__Rikenellaceae;g__Alistipes;s__	0.9999989154576296
6616dc3bd6aeb3e26b9b2218290ea574	d__Bacteria;p__Bacteroidota;c__Bacteroidia;o__Bacteroidales;f__Bacteroidaceae;g__Bacteroides;s__	0.9998424227390164
d8e7f9181e4d5a4a6453e9ca9996a43f	d__Bacteria;p__Bacteroidota;c__Bacteroidia;o__Bacteroidales;f__Tannerellaceae;g__Parabacteroides;s__	0.9611858839018925
edae7c34cd5e602407fb0d4e3a80f57a	d__Bacteria;p__Firmicutes;c__Bacilli;o__Staphylococcales;f__Staphylococcaceae;g__Staphylococcus;s__	0.9999952646842438
c4052f1c9c6faa61677bf78871c7600f	d__Bacteria;p__Proteobacteria;c__Gammaproteobacteria;o__Pseudomonadales;f__Pseudomonadaceae;g__Pseudomonas;s__	0.936076158197435
55beed6d1a19ce34788b66488ffe3917	d__Bacteria;p__Firmicutes;c__Clostridia;o__Oscillospirales;f__Ruminococcaceae;g__uncultured;s__	0.7686965565670266
ce8d80fdae0390f6200cd80fa1a2a0f5	d__Bacteria;p__Proteobacteria;c__Gammaproteobacteria;o__Pseudomonadales;f__Pseudomonadaceae;g__Pseudomonas;s__	0.991475770140427
7204879ce7a2ab870ce6cb9ccc5963fa	d__Bacteria;p__Bacteroidota;c__Bacteroidia;o__Bacteroidales;f__Barnesiellaceae;g__Barnesiella;s__	0.9999806158065723
e0871d382ee58a7d119f8445d0350b4d	d__Bacteria;p__Firmicutes;c__Clostridia;o__Clostridiales;f__Clostridiaceae;g__Clostridium_sensu_stricto_1;s__	0.9815606890577107
14caa238d9f55c0e1fc6ac931709a9ab	d__Bacteria;p__Actinobacteriota;c__Actinobacteria;o__Propionibacteriales;f__Propionibacteriaceae;g__Cutibacterium;s__	0.9997600669052262
daa3aa4055de0a943bc6cd94f21d6b57	d__Bacteria;p__Deinococcota;c__Deinococci;o__Deinococcales;f__Deinococcaceae;g__Deinococcus;s__	0.9999999020497561
45c80843dac191f771b11018ff90d94c	d__Bacteria;p__Firmicutes;c__Clostridia;o__Oscillospirales;f__Ruminococcaceae;g__Ruminococcus;s__	0.9917923009038909
dd46e2d5cd81a8add2304556257a92f7	d__Bacteria;p__Firmicutes;c__Clostridia;o__Oscillospirales;f__Ruminococcaceae;g__Faecalibacterium;s__	0.9907577620046761
9d5054752ed33d6a22bd0f96b5618b1c	d__Bacteria;p__Bacteroidota;c__Bacteroidia;o__Bacteroidales;f__Bacteroidaceae;g__Bacteroides;s__	0.9998734089105433
0dcf5023e96fb8175d7bf02d900c9dd1	d__Bacteria;p__Firmicutes;c__Clostridia;o__Oscillospirales;f__[Eubacterium]_coprostanoligenes_group;g__[Eubacterium]_coprostanoligenes_group;s__	0.9989211192186678
d900eb33f6b4bc449aab64df16ae18b2	d__Bacteria;p__Bacteroidota;c__Bacteroidia;o__Bacteroidales;f__Bacteroidaceae;g__Bacteroides;s__	0.9992345894967455
90cca33d4473db4fa2d49c115a8a2333	d__Bacteria;p__Firmicutes;c__Bacilli;o__Lactobacillales;f__Streptococcaceae;g__Streptococcus;s__	0.9999994453953154
d1c363c883a3cfa959420039c7e7270a	d__Bacteria;p__Bacteroidota;c__Bacteroidia;o__Bacteroidales;f__Rikenellaceae;g__Alistipes;s__	0.9999982789631505
c6c3ab4e828fb40d6e05967b7aac9338	d__Bacteria;p__Firmicutes;c__Clostridia;o__Lachnospirales;f__Lachnospiraceae;g__Blautia;s__	0.9359009694980253
fd44d4cb468fd7dc9b3227867714ed87	d__Bacteria;p__Bacteroidota;c__Bacteroidia;o__Bacteroidales;f__Bacteroidaceae;g__Bacteroides;s__	0.9999805988166881
6c324279c1fc2965e594486ac26b0548	d__Bacteria;p__Firmicutes;c__Clostridia;o__Lachnospirales;f__Lachnospiraceae;g__Coprococcus;s__	0.9287543331519096
97a1f4373a83357aa3a4d9dc4f532ff4	d__Bacteria;p__Bacteroidota;c__Bacteroidia;o__Bacteroidales;f__Tannerellaceae;g__Parabacteroides;s__	0.99197159491712
e936ff18102bd3f319744ad49a449ee6	d__Bacteria;p__Bacteroidota;c__Bacteroidia;o__Bacteroidales;f__Bacteroidaceae;g__Bacteroides;s__	0.9999326353222365
4aeee550cfa238019c37c0ac30c568ac	d__Bacteria;p__Firmicutes;c__Clostridia;o__Clostridiales;f__Clostridiaceae;g__Clostridium_sensu_stricto_1;s__	0.9981131881961798
0372319c179f5c461dc193acbb3070dc	d__Bacteria;p__Firmicutes;c__Clostridia;o__Oscillospirales;f__Ruminococcaceae;g__Faecalibacterium;s__	0.9911840724080361
5dcd391131c1365ed0810c76ef3196a3	d__Bacteria;p__Firmicutes;c__Bacilli;o__Lactobacillales;f__Lactobacillaceae	0.999994535245188
119eea33cb9f505d6a20297d132e792a	d__Bacteria;p__Firmicutes;c__Clostridia;o__Lachnospirales;f__Lachnospiraceae	0.999968773639909
0a9c1f6c8d5c7eea5fdcd2f2fead0548	d__Bacteria;p__Firmicutes;c__Bacilli;o__Staphylococcales;f__Staphylococcaceae;g__Staphylococcus;s__	0.9999945826293497
20a9ef3326d558a523e44cff68d35763	d__Bacteria;p__Deinococcota;c__Deinococci;o__Deinococcales;f__Deinococcaceae;g__Deinococcus;s__	0.999999901688772
84f9cf6d08ccc7adb4e945c4fd8be494	d__Bacteria;p__Firmicutes;c__Clostridia;o__Oscillospirales;f__Oscillospiraceae;g__UCG-002;s__	0.9975732779903551
d0b3981edd68f1b2eaee2c77308bb974	d__Bacteria;p__Firmicutes;c__Clostridia;o__Oscillospirales;f__Ruminococcaceae;g__Faecalibacterium;s__	0.9891402762897902
5d6c28ecdd88c482038409ed6cd2df0a	d__Bacteria;p__Deinococcota;c__Deinococci;o__Deinococcales;f__Deinococcaceae;g__Deinococcus;s__	0.9999998669241936
101f7b62564b2c856acca4e423c6b28d	d__Bacteria;p__Deinococcota;c__Deinococci;o__Deinococcales;f__Deinococcaceae;g__Deinococcus;s__	0.9999998452104939
651db412ea5ea4a48e58a0b2a807648f	d__Bacteria;p__Firmicutes;c__Clostridia;o__Clostridiales;f__Clostridiaceae;g__Clostridium_sensu_stricto_1;s__	0.9824025844983376
79dfe7886aa40ebde45aa61b595dd9e5	d__Bacteria;p__Bacteroidota;c__Bacteroidia;o__Bacteroidales;f__Barnesiellaceae;g__Barnesiella;s__	0.9999971148185536
2c0c62ea09b2efe01bacdcbcf558d2b8	d__Bacteria;p__Firmicutes;c__Clostridia;o__Lachnospirales;f__Lachnospiraceae;g__Lachnoclostridium;s__	0.8794873340232131
9adaf8096637e678ae4faaf1dc97004f	d__Bacteria;p__Firmicutes;c__Clostridia;o__Oscillospirales;f__Ruminococcaceae	0.9691753543704635
7d2e2fca176d25f1ceb892bed1ef4f8d	d__Bacteria;p__Actinobacteriota;c__Actinobacteria;o__Propionibacteriales;f__Propionibacteriaceae;g__Cutibacterium;s__	0.9999861393559627
bed671b4676144142cebd192b690f499	d__Bacteria;p__Firmicutes;c__Clostridia;o__Lachnospirales;f__Lachnospiraceae	0.9999878728855367
2e4f2b53b856c4def6d021d01f5abb70	d__Bacteria;p__Firmicutes;c__Clostridia;o__Lachnospirales;f__Lachnospiraceae;g__Dorea;s__	0.9635892400233446
836cd5ea357ad392c00a7e48d921be1d	d__Bacteria;p__Bacteroidota;c__Bacteroidia;o__Bacteroidales;f__Bacteroidaceae;g__Bacteroides;s__	0.99998974889329
2f79ec9081d130df2f0c39df85539cad	d__Bacteria;p__Firmicutes;c__Clostridia;o__Oscillospirales;f__Ruminococcaceae;g__Faecalibacterium;s__	0.989974648973016
9192b3275c36e56540678451adfa601f	d__Bacteria;p__Firmicutes;c__Clostridia;o__Oscillospirales;f__Oscillospiraceae;g__UCG-002;s__	0.9861504820525621
9a445d6d91e9b0e5bbe2b9b795d1e7d9	d__Bacteria;p__Deinococcota;c__Deinococci;o__Deinococcales;f__Deinococcaceae;g__Deinococcus;s__	0.9999999311399985
6b2419c9ec9c3f7a9d6f3c9d695b0fe1	d__Bacteria;p__Proteobacteria;c__Gammaproteobacteria;o__Burkholderiales;f__Neisseriaceae;g__Neisseria;s__	0.9998571031994116
c6ae45265346157ce23a7b0e8efac652	d__Bacteria;p__Proteobacteria;c__Gammaproteobacteria;o__Pseudomonadales;f__Pseudomonadaceae;g__Pseudomonas;s__	0.987706575105715
eaa66b123f4c32fefdd841c9cb7c9323	d__Bacteria;p__Bacteroidota;c__Bacteroidia;o__Bacteroidales;f__Bacteroidaceae;g__Bacteroides;s__	0.9999564226217592
416442043e24948e6e593ece247dccba	d__Bacteria;p__Firmicutes;c__Bacilli;o__Lactobacillales;f__Streptococcaceae;g__Streptococcus;s__	0.9997121785796133
f50508546ae13143015f8c4cb976d0e4	d__Bacteria;p__Firmicutes;c__Clostridia;o__Lachnospirales;f__Lachnospiraceae;g__[Eubacterium]_ruminantium_group;s__	0.9978620774560005
59ece5b25566f697682a07db9280cf14	d__Bacteria;p__Actinobacteriota;c__Actinobacteria;o__Propionibacteriales;f__Propionibacteriaceae;g__Cutibacterium;s__	0.9998982163530697
7bc08a1e71e36f61019df3f01dbe528c	d__Bacteria;p__Campylobacterota;c__Campylobacteria;o__Campylobacterales;f__Helicobacteraceae;g__Helicobacter;s__	0.9999999410864024
0a68ec564e278b0246c920ad7de41880	d__Bacteria;p__Firmicutes;c__Clostridia;o__Lachnospirales;f__Lachnospiraceae	0.999964325825822
cc761daf51f27c423da57f3f1f0ff5cc	d__Bacteria;p__Proteobacteria;c__Gammaproteobacteria;o__Enterobacterales	0.9999991258394221
2d7d205d76bdd6a01a8bceef227326b8	d__Bacteria;p__Campylobacterota;c__Campylobacteria;o__Campylobacterales;f__Helicobacteraceae;g__Helicobacter;s__	0.9999999769552236
ef6a209f17415ca40777d4f3e0459647	d__Bacteria;p__Bacteroidota;c__Bacteroidia;o__Bacteroidales;f__Bacteroidaceae;g__Bacteroides;s__	0.9999833514524328
31654b0fabcee256ee93ddfc89c8b048	d__Bacteria;p__Firmicutes;c__Clostridia;o__Oscillospirales;f__Oscillospiraceae;g__NK4A214_group;s__	0.8490923157501811
32cc17e12d08b4011ab0ec8c393fd12c	d__Bacteria;p__Firmicutes;c__Clostridia;o__Oscillospirales;f__Oscillospiraceae;g__UCG-002;s__	0.9920314819338437
485ab407993f51ea0e236902933fac05	d__Bacteria;p__Campylobacterota;c__Campylobacteria;o__Campylobacterales;f__Helicobacteraceae;g__Helicobacter;s__	0.9999999648093201
532c08b09f3272fef82cf7d49e9a0793	d__Bacteria;p__Actinobacteriota;c__Actinobacteria;o__Actinomycetales;f__Actinomycetaceae;g__Actinomyces;s__	0.9999942362891665
263e41ea2c25dc87bd2ff5910cf30d40	d__Bacteria;p__Firmicutes;c__Clostridia;o__Lachnospirales;f__Lachnospiraceae;g__Agathobacter;s__	0.7927182834091416
d3ebae79c5380c6f59a7a142dc2774bf	d__Bacteria;p__Proteobacteria;c__Gammaproteobacteria;o__Pseudomonadales;f__Pseudomonadaceae;g__Pseudomonas;s__	0.9602944922250077
9639a3291729a3758207b47715d9205f	d__Bacteria;p__Firmicutes;c__Clostridia;o__Oscillospirales;f__Ruminococcaceae;g__Subdoligranulum;s__	0.998491566826998
43d2a05695bbc8f4b752a14b7b4bfa63	d__Bacteria;p__Proteobacteria;c__Gammaproteobacteria;o__Burkholderiales;f__Neisseriaceae;g__Neisseria;s__	0.9998859761242106
445cda1e30b899c13bb38c0374750305	d__Bacteria;p__Proteobacteria;c__Gammaproteobacteria;o__Pseudomonadales;f__Moraxellaceae;g__Acinetobacter;s__	0.9999818525174853
ff029884cea37200300ce1b3680d9e21	d__Bacteria;p__Campylobacterota;c__Campylobacteria;o__Campylobacterales;f__Helicobacteraceae;g__Helicobacter;s__	0.9999999799846935
e3aea97733489d891194ead3c24939bf	d__Bacteria;p__Proteobacteria;c__Gammaproteobacteria;o__Burkholderiales;f__Neisseriaceae;g__Neisseria;s__	0.9998519694121509
5a7b179b1b45f0fe2282f260bf073f60	d__Bacteria;p__Actinobacteriota;c__Actinobacteria;o__Propionibacteriales;f__Propionibacteriaceae;g__Cutibacterium;s__	0.9970152016092676
d76d59ec71de0e3b22da0c9cd564d41a	d__Bacteria;p__Firmicutes;c__Clostridia;o__Lachnospirales;f__Lachnospiraceae;g__Fusicatenibacter;s__	0.9958160470684106
36d9ad396b85196c9b4cf68b81789585	d__Bacteria;p__Firmicutes;c__Clostridia;o__Lachnospirales;f__Lachnospiraceae;g__Lachnospira;s__	0.9974833370513914
2ee2a2153278973e47e7d2f9aa5b97ad	d__Bacteria;p__Bacteroidota;c__Bacteroidia;o__Bacteroidales;f__Marinifilaceae;g__Odoribacter;s__	0.9999390149665733
dcba105f35d8ebc9e22269c7491ad3a7	d__Bacteria;p__Proteobacteria;c__Gammaproteobacteria;o__Xanthomonadales;f__Xanthomonadaceae;g__Stenotrophomonas;s__	0.9998900895347204
1f02b2ca9bc4e3107fb55cd07b430f83	d__Bacteria;p__Firmicutes;c__Bacilli;o__Lactobacillales;f__Streptococcaceae;g__Streptococcus;s__	0.9997164907235976
37f004671c936285c26471120596b2f5	d__Bacteria;p__Firmicutes;c__Clostridia;o__Clostridiales;f__Clostridiaceae;g__Sarcina;s__	0.9983713477095032
d71eace37c97b3cfeb59cb3a81700fb4	d__Bacteria;p__Firmicutes;c__Clostridia;o__Clostridiales;f__Clostridiaceae;g__Clostridium_sensu_stricto_1;s__	0.961504927328861
338e1da01d2d1cdec7a30c43eac42ca5	d__Bacteria;p__Campylobacterota;c__Campylobacteria;o__Campylobacterales;f__Helicobacteraceae;g__Helicobacter;s__	0.9999999692339833
76b39e86c95e0c7dd8b9c57b974f6532	d__Bacteria;p__Bacteroidota;c__Bacteroidia;o__Bacteroidales;f__Bacteroidaceae;g__Bacteroides;s__	0.9999364202278812
2afe288d98c92098d722e07877593a15	d__Bacteria;p__Proteobacteria;c__Gammaproteobacteria;o__Burkholderiales;f__Neisseriaceae;g__Neisseria;s__	0.999909441185578
33048d830739a99050e2054fd6221333	d__Bacteria;p__Proteobacteria;c__Alphaproteobacteria;o__Rhodobacterales;f__Rhodobacteraceae	0.999996549491324
dbcdaca3ee9e9fe75d8829e87b8551dc	d__Bacteria;p__Proteobacteria;c__Gammaproteobacteria;o__Burkholderiales;f__Sutterellaceae;g__Sutterella;s__	0.9999765253542985
8c0f3b6f596c15154993afc2afd192ff	d__Bacteria;p__Proteobacteria;c__Gammaproteobacteria;o__Enterobacterales;f__Enterobacteriaceae;g__Escherichia-Shigella;s__	0.9985498772850772
50563a2c82db7f6472d6f5f141b154a2	d__Bacteria;p__Actinobacteriota;c__Actinobacteria;o__Propionibacteriales;f__Propionibacteriaceae;g__Cutibacterium;s__	0.9999247389070043
c065f1b53f3f6a39f56b6345abb27adf	d__Bacteria;p__Bacteroidota;c__Bacteroidia;o__Bacteroidales;f__Porphyromonadaceae;g__Porphyromonas;s__	0.9997599719055014
043e085705a69d632f527a9cdad47e11	d__Bacteria;p__Deinococcota;c__Deinococci;o__Deinococcales;f__Deinococcaceae;g__Deinococcus;s__	0.9999998804930571
533b6c05a74b2c25a94f884d6fe42f9d	d__Bacteria;p__Firmicutes;c__Bacilli;o__Erysipelotrichales;f__Erysipelatoclostridiaceae;g__Catenibacterium;s__	0.9997719380899087
5d08d1eb4b8a0672652dd0fc0af2dcf0	d__Bacteria;p__Firmicutes;c__Clostridia;o__Oscillospirales;f__Oscillospiraceae;g__UCG-003;s__	0.9976256606872989
d0f7c26355c93f2a8805759b912c0d37	d__Bacteria;p__Firmicutes;c__Bacilli;o__Lactobacillales;f__Enterococcaceae;g__Enterococcus;s__	0.9747783535025285
bc0945870857295d90c4e89fef336577	d__Bacteria;p__Bacteroidota;c__Bacteroidia;o__Bacteroidales;f__Bacteroidaceae;g__Bacteroides;s__	0.9995299169582375
9e3226efaf559eb14a478f880462cb8a	d__Bacteria;p__Firmicutes;c__Clostridia;o__Lachnospirales;f__Lachnospiraceae;g__[Ruminococcus]_torques_group;s__	0.8623238043587776
8599524cec26e00cc7df72e7ecc01220	d__Bacteria;p__Acidobacteriota;c__Vicinamibacteria;o__Vicinamibacterales;f__Vicinamibacteraceae;g__Vicinamibacteraceae;s__	0.9107472246043823
2651bbe242103467a59a4144244139de	d__Bacteria;p__Acidobacteriota;c__Vicinamibacteria;o__Vicinamibacterales;f__uncultured;g__uncultured;s__	0.9960007363310618
92a8d6111d3656dba29a2caa327c37f2	d__Bacteria;p__Proteobacteria;c__Alphaproteobacteria;o__Rhodobacterales;f__Rhodobacteraceae;g__Rhodobacter;s__	0.7169048870607838
cd752d5b60fd14925da436cf74f23fff	d__Bacteria;p__Bacteroidota;c__Bacteroidia;o__Bacteroidales;f__Porphyromonadaceae;g__Porphyromonas;s__	0.9997239396815862
4e2e6735331ad01a30c94d2f4c285dc2	d__Bacteria;p__Firmicutes;c__Clostridia;o__Lachnospirales;f__Lachnospiraceae;g__CAG-56;s__	0.9885759359450567
b4d07c2a22af0c99c73cf9722200d878	d__Bacteria;p__Firmicutes;c__Clostridia;o__Lachnospirales;f__Lachnospiraceae	0.9999667750549791
763825d01880897f7daaab1109781286	d__Bacteria;p__Campylobacterota;c__Campylobacteria;o__Campylobacterales;f__Helicobacteraceae;g__Helicobacter;s__	0.9999999369187285
aae4c4ed528ae16ec417df816699cfdb	d__Bacteria;p__Firmicutes;c__Clostridia;o__Oscillospirales;f__Oscillospiraceae;g__UCG-005;s__	0.9968496145901725
51aee664c21bd301061e44d482f6716c	d__Bacteria;p__Acidobacteriota;c__Vicinamibacteria;o__Vicinamibacterales;f__uncultured;g__uncultured;s__	0.9992156672652809
3f3b6d8be89099e956b82c80133f6168	d__Bacteria;p__Firmicutes;c__Bacilli;o__Lactobacillales;f__Listeriaceae;g__Listeria;s__	0.999996575185132
337b14e1938677e488fda429b20b7e54	d__Bacteria;p__Acidobacteriota;c__Vicinamibacteria;o__Vicinamibacterales;f__uncultured;g__uncultured;s__	0.9869441970788363
606fae1e3c3948b0533b5911b54da4df	d__Bacteria;p__Proteobacteria;c__Alphaproteobacteria;o__Rhodobacterales;f__Rhodobacteraceae	0.9999961633746781
4102c0c9284b080a36ae312a7b497915	d__Bacteria;p__Desulfobacterota;c__Desulfovibrionia;o__Desulfovibrionales;f__Desulfovibrionaceae;g__Desulfovibrio;s__	0.9662420715504207
369bbf86b13d5924c095aad30bba9af1	d__Bacteria;p__Firmicutes;c__Clostridia;o__Lachnospirales;f__Lachnospiraceae	0.9996229153124071
738f3e2304d33211c914f339f15481c1	d__Bacteria;p__Proteobacteria;c__Alphaproteobacteria;o__Rhodobacterales;f__Rhodobacteraceae	0.9999979507758856
f95918b63749f2c293acee76d68bc689	d__Bacteria;p__Bacteroidota;c__Bacteroidia;o__Bacteroidales;f__Porphyromonadaceae;g__Porphyromonas;s__	0.9998106442583313
81ae28699d6abc491407d8cfd69d8dae	d__Bacteria;p__Bacteroidota;c__Bacteroidia;o__Bacteroidales;f__Porphyromonadaceae;g__Porphyromonas;s__	0.9997756734112717
08bd43071a06abf56df235fca6655bea	d__Bacteria;p__Firmicutes;c__Clostridia;o__Lachnospirales;f__Lachnospiraceae;g__[Ruminococcus]_torques_group;s__	0.9005979920921442
d10c72b287f6e198757f9d267625d1ed	d__Bacteria;p__Acidobacteriota;c__Vicinamibacteria;o__Vicinamibacterales;f__Vicinamibacteraceae;g__Vicinamibacteraceae;s__	0.8592790323765828
76299222c919c29cb1963a00e8a2070b	d__Bacteria;p__Firmicutes;c__Clostridia;o__Clostridiales;f__Clostridiaceae;g__Clostridium_sensu_stricto_1;s__	0.9854572298780945
b15193fce14759d1c06728933e044af6	d__Bacteria;p__Bacteroidota;c__Bacteroidia;o__Bacteroidales;f__Bacteroidaceae;g__Bacteroides;s__	0.9999083483415023
ed0b2c436e0aa37c7501df9927eca476	d__Bacteria;p__Proteobacteria;c__Gammaproteobacteria;o__Burkholderiales;f__Sutterellaceae;g__Sutterella;s__	0.9999722676477805
ff1ecc25610996fe53ed655344bdcf24	d__Bacteria;p__Firmicutes;c__Bacilli;o__Bacillales;f__Bacillaceae;g__Bacillus;s__	0.997440353681411
8e0420ce7718910a98e3ed86684e1dca	d__Bacteria;p__Actinobacteriota;c__Actinobacteria;o__Actinomycetales;f__Actinomycetaceae;g__Actinomyces;s__	0.9999990790236644
588a4591a477344d56d8fe1feae0d599	d__Bacteria;p__Proteobacteria;c__Alphaproteobacteria;o__Rhodobacterales;f__Rhodobacteraceae	0.9999981318186915
6a4ae147402f3795c5dcb9d768777f8b	d__Bacteria;p__Firmicutes;c__Bacilli;o__Bacillales;f__Bacillaceae;g__Bacillus;s__	0.997319532875644
25394a604bbcd078c80186b300dab8ee	d__Bacteria;p__Firmicutes;c__Bacilli;o__Erysipelotrichales;f__Erysipelotrichaceae;g__Holdemanella;s__	0.9999999563475238
7fc033714355f9fb092879986a125692	d__Bacteria;p__Firmicutes;c__Clostridia;o__Lachnospirales;f__Lachnospiraceae;g__Coprococcus;s__	0.8850920657140472
ea4ec2e6504de604ab4ac6dd79ee4566	d__Bacteria;p__Actinobacteriota;c__Actinobacteria;o__Actinomycetales;f__Actinomycetaceae;g__Actinomyces;s__	0.9998600677607582
45fd41e0b86e39518409690ce972753e	d__Bacteria;p__Proteobacteria;c__Alphaproteobacteria;o__Rhodobacterales;f__Rhodobacteraceae	0.9999958182451018
4abbae5159fd6ef7840135f3eb80ba27	d__Bacteria;p__Bacteroidota;c__Bacteroidia;o__Bacteroidales;f__Rikenellaceae;g__Alistipes;s__	0.9999980692404217
aa680092c6d1920b417aff69663dcf11	d__Bacteria;p__Firmicutes;c__Clostridia;o__Oscillospirales;f__Oscillospiraceae;g__UCG-002;s__	0.9980757303863171
33518e48b174ac428cb7be1a216c6c6e	d__Bacteria;p__Firmicutes;c__Clostridia;o__Lachnospirales;f__Lachnospiraceae;g__Anaerostipes;s__	0.9998916483893636
22256e5c5055734d3a0666e02a49b965	d__Bacteria;p__Bacteroidota;c__Bacteroidia;o__Bacteroidales;f__Bacteroidaceae;g__Bacteroides;s__	0.9999558557253239
ce7a0d0095c3f460fd168fa75dca4794	d__Bacteria;p__Firmicutes;c__Clostridia;o__Clostridiales;f__Clostridiaceae;g__Clostridium_sensu_stricto_1;s__	0.9833963183654023
5602d10a6d065f26324435e9c0ba15dc	d__Bacteria;p__Proteobacteria;c__Alphaproteobacteria;o__Rhizobiales;f__Devosiaceae;g__Devosia;s__	0.8382892751335298
1841071f526b3e2c1dfbd8cbb9fbc2c3	d__Bacteria;p__Deinococcota;c__Deinococci;o__Deinococcales;f__Deinococcaceae;g__Deinococcus;s__	0.9999118524334621
078e0fd51a7d5e5b908328591895ba58	d__Bacteria;p__Proteobacteria;c__Alphaproteobacteria;o__Rhodospirillales;f__uncultured;g__uncultured;s__	0.9984090781659221
40874d61006874f7c87d904707d320d9	d__Bacteria;p__Firmicutes;c__Clostridia;o__Clostridiales;f__Clostridiaceae;g__Clostridium_sensu_stricto_1;s__	0.9953068184871255
72b7673b60037d8f9acf03f87905cab7	d__Bacteria;p__Bacteroidota;c__Bacteroidia;o__Bacteroidales;f__Marinifilaceae;g__Odoribacter;s__	0.9999995910491164
092f4a63658f3b13304e10568a036516	d__Bacteria;p__Firmicutes;c__Bacilli;o__Lactobacillales;f__Streptococcaceae;g__Streptococcus;s__	0.9995843246069183
1db6d12d7d48a483c2d669890b561522	d__Bacteria;p__Bacteroidota;c__Bacteroidia;o__Bacteroidales;f__Bacteroidaceae;g__Bacteroides;s__	0.9988555044431947
efa231614a5eb97a385a5cae7b440348	d__Bacteria;p__Bacteroidota;c__Bacteroidia;o__Bacteroidales;f__Rikenellaceae;g__Alistipes;s__	0.898516868185808
a0c11fc0707ca2f0217ffc5047630322	d__Bacteria;p__Actinobacteriota;c__Actinobacteria;o__Propionibacteriales;f__Propionibacteriaceae;g__Cutibacterium;s__	0.9998955884525839
7eb503153df2b7208092158abcf1be6a	d__Bacteria;p__Firmicutes;c__Bacilli;o__Lactobacillales;f__Streptococcaceae;g__Streptococcus;s__	0.9996471462933554
00a96fbd0ac34bfd245f9c24f8737f7d	d__Bacteria;p__Firmicutes;c__Clostridia;o__Lachnospirales;f__Lachnospiraceae	0.9999626695377254
45278efa02d6a1ed5c4871bfa71b3c63	d__Bacteria;p__Bacteroidota;c__Bacteroidia;o__Bacteroidales;f__Rikenellaceae;g__Alistipes;s__	0.9999957585043686
e2cfe099d4a73a03ac5f80d4f8369dbc	d__Bacteria;p__Firmicutes;c__Clostridia;o__Oscillospirales;f__Oscillospiraceae;g__NK4A214_group;s__	0.8349235619667279
7c611d335ed9129c7661ac0fd696fa75	d__Bacteria;p__Actinobacteriota;c__Actinobacteria;o__Actinomycetales;f__Actinomycetaceae;g__Actinomyces;s__	0.9998537553727945
7446cdee4c1fddf80c151d170afa0508	d__Bacteria;p__Bacteroidota;c__Bacteroidia;o__Bacteroidales;f__Bacteroidaceae;g__Bacteroides;s__	0.9963526259191245
317865ea6c50e83c72a4d779d02d8b58	d__Bacteria;p__Acidobacteriota;c__Vicinamibacteria;o__Vicinamibacterales;f__Vicinamibacteraceae;g__Vicinamibacteraceae;s__	0.9949261853148197
9e1f282914b07cd79711ce21e7cf4aff	d__Bacteria;p__Firmicutes;c__Clostridia;o__Lachnospirales;f__Lachnospiraceae;g__[Eubacterium]_eligens_group;s__	0.998553857873534
a730ef0685ea600be854be1842a6b362	d__Bacteria;p__Bacteroidota;c__Bacteroidia;o__Bacteroidales;f__Marinifilaceae;g__Odoribacter;s__	0.9999960715278604
ce551af76b8fabf44207ab90ba936a2c	d__Bacteria;p__Bacteroidota;c__Bacteroidia;o__Bacteroidales;f__Porphyromonadaceae;g__Porphyromonas;s__	0.9998106144189713
ac68c7c702432c26bc13677cb4c1ea8f	d__Bacteria;p__Bacteroidota;c__Bacteroidia;o__Cytophagales;f__Microscillaceae;g__uncultured;s__	0.7118198038373279
c70d5fe59ae8ae3fce346ece6377f652	d__Bacteria;p__Actinobacteriota;c__Actinobacteria;o__Propionibacteriales;f__Propionibacteriaceae;g__Cutibacterium;s__	0.9999838290330959
605cc047d6200f294e043f8ce6cb5af7	d__Bacteria;p__Bacteroidota;c__Bacteroidia;o__Bacteroidales;f__Barnesiellaceae;g__Coprobacter;s__	0.9999991949534149
6851a4ee264b56be2fff4686ce269907	d__Bacteria;p__Firmicutes;c__Clostridia;o__Lachnospirales;f__Lachnospiraceae;g__[Eubacterium]_hallii_group;s__	0.9999564233717613
2fac845da336657d55f1a9f350c6bc09	d__Bacteria;p__Proteobacteria;c__Alphaproteobacteria;o__Rhizobiales	0.9996496829364238
6304f029e16d4a53edd0f10de67949b8	d__Bacteria;p__Acidobacteriota;c__Vicinamibacteria;o__Vicinamibacterales;f__Vicinamibacteraceae;g__Vicinamibacteraceae;s__	0.9926425845296194
dd235ad06cacbd52c1863845121fbeb4	d__Bacteria;p__Deinococcota;c__Deinococci;o__Deinococcales;f__Deinococcaceae;g__Deinococcus;s__	0.9999997624440481
9d95b8da4525dfdbca44fc2e64f7aa3a	d__Bacteria;p__Proteobacteria;c__Gammaproteobacteria;o__Burkholderiales;f__Neisseriaceae;g__Neisseria;s__	0.9999067666487873
d27a1e22878ffa12a21f1d1ba680558f	d__Bacteria;p__Firmicutes;c__Clostridia;o__Oscillospirales;f__Ruminococcaceae;g__Ruminococcus;s__	0.9904696856953772
44c52d0bf2a3db29606529b8daa76018	d__Bacteria;p__Bacteroidota;c__Bacteroidia;o__Bacteroidales;f__Bacteroidaceae;g__Bacteroides;s__	0.9999436915447183
784274ad2d82fd5a8f91a138a814675d	d__Bacteria;p__Firmicutes;c__Bacilli;o__Lactobacillales;f__Streptococcaceae;g__Streptococcus;s__	0.999752236830082
5e5a7dc5e7cc460edc11fe34dc004934	d__Bacteria;p__Firmicutes;c__Negativicutes;o__Acidaminococcales;f__Acidaminococcaceae;g__Phascolarctobacterium;s__	0.9992677080777673
5e56182e39eb5a6f3bf9ab3d5070d585	d__Bacteria;p__Firmicutes;c__Clostridia;o__Oscillospirales;f__Oscillospiraceae;g__UCG-002;s__	0.9938865030311839
8995084f134cb719f94ebc37a21f9607	d__Bacteria;p__Firmicutes;c__Clostridia;o__Oscillospirales;f__Oscillospiraceae;g__UCG-002;s__	0.9977502446269537
7b28c20e72c6c95b3e604f0849245770	d__Bacteria;p__Verrucomicrobiota;c__Verrucomicrobiae;o__Verrucomicrobiales;f__Akkermansiaceae;g__Akkermansia;s__	0.9999999142680489
56097664efde8ae07cd9a8d738dfdfef	d__Bacteria;p__Desulfobacterota;c__Desulfovibrionia;o__Desulfovibrionales;f__Desulfovibrionaceae;g__Desulfovibrio;s__	0.9650724240770766
72e530a4206f2e4804d502f4dfca8387	d__Bacteria;p__Bacteroidota;c__Bacteroidia;o__Bacteroidales;f__Muribaculaceae;g__Muribaculaceae;s__	0.9976673394119178
f5300ad334ab28fa9a12aeac1dbb5609	d__Bacteria;p__Firmicutes;c__Clostridia;o__Lachnospirales;f__Lachnospiraceae;g__Blautia;s__	0.7236434349264427
77c2dc197e6b3dbebc4ee240c6a1c559	d__Bacteria;p__Firmicutes;c__Clostridia;o__Oscillospirales;f__Oscillospiraceae;g__Oscillibacter;s__	0.993417228190969
ff83eceff8e44a27e93cd1e6540d0402	d__Bacteria;p__Proteobacteria;c__Gammaproteobacteria;o__Xanthomonadales;f__Xanthomonadaceae;g__Stenotrophomonas;s__	0.999649681629663
1d145835e7f0188562322f4eefb02657	d__Bacteria;p__Proteobacteria;c__Alphaproteobacteria;o__Rhizobiales;f__Xanthobacteraceae	0.9979747713357272
5a6c87d6a4eb5e114959f6192f29b641	d__Bacteria;p__Actinobacteriota;c__Actinobacteria;o__Bifidobacteriales;f__Bifidobacteriaceae;g__Bifidobacterium;s__	0.9997320822626306
6cae6fbb1709801e0bc4b4e28cb75c1e	d__Bacteria;p__Firmicutes;c__Clostridia;o__Lachnospirales;f__Lachnospiraceae	0.9773712051570624
bd5ef8f372e09bcf6ec35825be4f053c	d__Bacteria;p__Firmicutes;c__Clostridia;o__Lachnospirales;f__Lachnospiraceae;g__Coprococcus;s__	0.9066251812080426
65990c74559e4adfaa672a884ad7d464	d__Bacteria;p__Firmicutes;c__Clostridia;o__Lachnospirales;f__Lachnospiraceae;g__Coprococcus;s__	0.7902586634411412
e28a36175f75412c90d02ed7de4b2379	d__Bacteria;p__Firmicutes;c__Clostridia;o__Oscillospirales;f__Oscillospiraceae	0.9941566858814861
57135b6b159347feaf25ded42c928a81	d__Bacteria;p__Firmicutes;c__Clostridia;o__Oscillospirales;f__Oscillospiraceae;g__Oscillibacter;s__	0.7070150761836174
79bd61bb03a9ec4b27a2d5f43ea02b43	d__Bacteria;p__Bacteroidota;c__Bacteroidia;o__Bacteroidales;f__Prevotellaceae;g__Prevotella_9;s__	0.9847346170146855
908b621a3f456c342ded01f9dafabd90	d__Bacteria;p__Firmicutes;c__Clostridia;o__Oscillospirales;f__Oscillospiraceae;g__UCG-002;s__	0.9950799288903879
f4cc6e4932f507b33d1335d801f54563	d__Bacteria;p__Firmicutes;c__Clostridia;o__Lachnospirales;f__Lachnospiraceae;g__Dorea;s__	0.8636129846918671
d0216edbdb07ec2b2d8becf26467a165	d__Bacteria;p__Verrucomicrobiota;c__Verrucomicrobiae;o__Verrucomicrobiales;f__Verrucomicrobiaceae;g__uncultured;s__	0.9998827128455446
782e5231544b7b44f6cb531ccc9c69a3	d__Bacteria;p__Firmicutes;c__Bacilli;o__Thermicanales;f__Thermicanaceae;g__Thermicanus;s__	0.9999842474280011
87c18e8ee3789954404f2c1a35079a09	d__Bacteria;p__Firmicutes;c__Clostridia;o__Lachnospirales;f__Lachnospiraceae;g__[Eubacterium]_hallii_group;s__	0.9998719560038062
afe6c3e6a756d1a3d464f095a05eec4b	d__Bacteria;p__Chloroflexi;c__TK10;o__TK10;f__TK10;g__TK10;s__	0.9999610713466495
302b18b74ca28f7d78cb14b34d5d36ab	d__Bacteria;p__Firmicutes;c__Bacilli;o__Staphylococcales;f__Staphylococcaceae;g__Staphylococcus;s__	0.977771568992869
c6bd43e7abfeddddcbc7c95e5b303077	d__Bacteria;p__Bacteroidota;c__Bacteroidia;o__Bacteroidales;f__Porphyromonadaceae;g__Porphyromonas;s__	0.8871703637667905
51d4f17b8dda9f7d972bf3dd0ecc4e59	d__Bacteria;p__Bacteroidota;c__Bacteroidia;o__Bacteroidales;f__Rikenellaceae;g__Alistipes;s__	0.9998988593304933
a33216f3170b4885d6a3b296d6210897	d__Bacteria;p__Firmicutes;c__Clostridia	0.959818237371665
557db59bb355abb15a43a93451f6c422	d__Bacteria;p__Firmicutes;c__Bacilli;o__Staphylococcales;f__Staphylococcaceae;g__Staphylococcus;s__	0.9508249258259313
820f6693f569e339f183638cd73a7fe6	d__Bacteria;p__Actinobacteriota;c__Actinobacteria;o__Corynebacteriales;f__Corynebacteriaceae;g__Lawsonella;s__	0.9999992017408406
aa9b3a1418d146c262ec63305292065a	d__Bacteria;p__Actinobacteriota;c__Actinobacteria;o__Corynebacteriales;f__Corynebacteriaceae	0.9999980852540092
95a1cb0cdc28376989a299c2b2eabadd	d__Bacteria;p__Firmicutes;c__Bacilli;o__Lactobacillales;f__Enterococcaceae	0.7363775885751314
1c12f404404544de1c0070ef5138731a	d__Bacteria;p__Firmicutes;c__Clostridia;o__Oscillospirales;f__Oscillospiraceae;g__UCG-003;s__	0.9962496374253149
aac0099991c8518a5268b1a19a84550b	d__Bacteria;p__Firmicutes;c__Clostridia;o__Lachnospirales;f__Lachnospiraceae;g__[Eubacterium]_hallii_group;s__	0.9998970046562461
0b90758803274b095c6f88ed6609e1c5	d__Bacteria;p__Firmicutes;c__Clostridia;o__Oscillospirales;f__Ruminococcaceae;g__Faecalibacterium;s__	0.9899783169331096
bf611493002f5918a68778bde2def567	d__Bacteria;p__Bacteroidota;c__Bacteroidia;o__Bacteroidales;f__Bacteroidaceae;g__Bacteroides;s__	0.9999375698547881
c85c6842ae45440d6a175829258e6f94	d__Bacteria;p__Bacteroidota;c__Bacteroidia;o__Bacteroidales;f__Bacteroidaceae;g__Bacteroides;s__	0.9999967435007466
255f50474b46aeeac468e539a1f43ea6	d__Bacteria;p__Verrucomicrobiota;c__Verrucomicrobiae;o__Chthoniobacterales;f__Chthoniobacteraceae;g__Candidatus_Udaeobacter;s__	0.9979041741618372
b6b86531ef8d5b24a2b1f0d0cbb40c76	d__Bacteria;p__Cyanobacteria;c__Vampirivibrionia;o__Gastranaerophilales;f__Gastranaerophilales;g__Gastranaerophilales;s__	0.9999975439273676
3e24be8a9c0f7b9e75cf47b31959cb74	d__Bacteria;p__Firmicutes;c__Clostridia;o__Oscillospirales;f__[Eubacterium]_coprostanoligenes_group;g__[Eubacterium]_coprostanoligenes_group;s__	0.9997750762648892
81cb064b51cdd496868c149da943fa0a	d__Bacteria;p__Actinobacteriota;c__Actinobacteria;o__Actinomycetales;f__Actinomycetaceae;g__Actinomyces;s__	0.9999988877861132
e6dc4f70d446dbca95e3bd25b66fce86	d__Bacteria;p__Proteobacteria;c__Gammaproteobacteria;o__Burkholderiales;f__Neisseriaceae;g__Neisseria;s__	0.9999283210714698
ebaf9bcb20b714b0b30b30aacde7705e	d__Bacteria;p__Proteobacteria;c__Alphaproteobacteria;o__Rhodobacterales;f__Rhodobacteraceae	0.999998183074241
32946a13151283c45561a1d0ca4223a0	d__Bacteria;p__Firmicutes;c__Clostridia;o__Christensenellales;f__Christensenellaceae;g__Christensenellaceae_R-7_group;s__	0.7280287980457465
67588f6f0b9b141bc5f37204a50da5bf	d__Bacteria;p__Acidobacteriota;c__Vicinamibacteria;o__Vicinamibacterales;f__Vicinamibacteraceae;g__Vicinamibacteraceae;s__	0.9854972093393014
cffa53c1bc0ef6965d0cec0cb88d0a85	d__Bacteria;p__Firmicutes;c__Clostridia;o__Lachnospirales;f__Lachnospiraceae;g__Coprococcus;s__	0.9245782544592202
e69402b702f5d975dde981056d03682e	d__Bacteria;p__Firmicutes;c__Clostridia;o__Lachnospirales;f__Lachnospiraceae	0.9926141872357223
c507f7e801e43ec31ccc5d807f68ebb7	d__Bacteria;p__Firmicutes;c__Clostridia	0.9320063036141981
be5284a10f289384fe9316ea05133191	d__Bacteria;p__Proteobacteria;c__Gammaproteobacteria;o__Pseudomonadales;f__Moraxellaceae;g__Acinetobacter;s__	0.986289172768779
66bd28d611893701f6c754c5cc073374	d__Bacteria;p__Planctomycetota;c__OM190;o__OM190;f__OM190;g__OM190;s__	0.9642236007005954
ca52f2d338c3e68b4049761504da10fe	d__Bacteria;p__Firmicutes;c__Bacilli;o__Bacillales;f__Bacillaceae;g__Bacillus;s__	0.8247208479755372
e270592ee37b5f75a2801783246d034e	d__Bacteria;p__Proteobacteria;c__Gammaproteobacteria;o__Burkholderiales;f__Sutterellaceae;g__Sutterella;s__	0.9999971063435653
13c1b2a8c491cf3fba2fa50e45717450	d__Bacteria;p__Firmicutes;c__Clostridia;o__Peptostreptococcales-Tissierellales;f__Family_XI;g__Anaerococcus;s__	0.9999999909284868
86afd809b1698d59b5e0997b74f1702c	d__Bacteria;p__Deinococcota;c__Deinococci;o__Deinococcales;f__Deinococcaceae;g__Deinococcus;s__	0.8856319039557718
ccfd79d17f41334d06927c23f19627ee	d__Bacteria;p__Bacteroidota;c__Bacteroidia;o__Bacteroidales;f__Prevotellaceae;g__Prevotella_9;s__	0.9998137169574425
7f2a81af8a498d6c373e19cd411a9797	d__Bacteria;p__Proteobacteria;c__Alphaproteobacteria;o__Rhodospirillales;f__uncultured;g__uncultured;s__	0.9991470190096726
35cbb315e019e0a8768d4b73862df415	d__Bacteria;p__Actinobacteriota;c__Coriobacteriia;o__Coriobacteriales;f__Coriobacteriaceae;g__Collinsella;s__	0.9999879283412737
903f18315262ef82adf329dd08bd7d11	d__Bacteria;p__Proteobacteria;c__Gammaproteobacteria;o__Enterobacterales;f__Enterobacteriaceae	0.760379371984878
97a604f0b7677461325e10432ce78290	d__Bacteria;p__Firmicutes;c__Clostridia;o__Oscillospirales;f__Ruminococcaceae;g__Angelakisella;s__	0.8998556197148103
632fe874fe482e8103b984d52157865d	d__Bacteria;p__Bacteroidota;c__Bacteroidia;o__Bacteroidales;f__Tannerellaceae;g__Parabacteroides;s__	0.8892622150485783
23964ae4dd4ddfc541769eb1a7fa8fe8	d__Bacteria;p__Firmicutes;c__Clostridia;o__Oscillospirales;f__Ruminococcaceae;g__Ruminococcus;s__	0.9832329668225104
0243b68c76049aa1b8c51a20333da950	d__Bacteria;p__Firmicutes;c__Clostridia;o__Lachnospirales;f__Lachnospiraceae;g__Lachnospiraceae_ND3007_group;s__	0.9998963566732259
6012d4613b1685fcce74701d5adf472e	d__Bacteria;p__Firmicutes;c__Clostridia;o__Monoglobales;f__Monoglobaceae;g__Monoglobus;s__	0.9992321291776788
8df31d859e0a5446b30ca0cd81ce907f	d__Bacteria;p__Firmicutes;c__Clostridia;o__Oscillospirales;f__Ruminococcaceae	0.9904653750352539
03bccadc8d278869f88f6b5035de446f	d__Bacteria;p__Firmicutes;c__Clostridia;o__Oscillospirales;f__Oscillospiraceae;g__UCG-002;s__	0.9625814920458309
76b7f9fc1f491738eb894b3ea1cbdf1a	d__Bacteria	0.9942941521166124
4c687e9abe11199b993e2ab668384d5c	d__Bacteria;p__Nitrospirota;c__Nitrospiria;o__Nitrospirales;f__Nitrospiraceae;g__Nitrospira;s__	0.9999870741513571
2021e3e56ff32e7cfc5f502d0e32e5fd	d__Bacteria;p__Actinobacteriota;c__Actinobacteria;o__Actinomycetales;f__Actinomycetaceae;g__Actinomyces;s__	0.9999990077113331
23e705930e788aefc446a727cbdf6c20	d__Bacteria;p__Firmicutes;c__Clostridia;o__Christensenellales;f__Christensenellaceae;g__Christensenellaceae_R-7_group;s__	0.8718539359371843
5b5214e8e3c6c1d42dcc3051f9a60f07	d__Bacteria;p__Firmicutes;c__Bacilli;o__Bacillales	0.9459514694811715
847e1b3e3ea5adff9160d271b561d3ce	d__Bacteria;p__Firmicutes;c__Bacilli;o__Bacillales	0.9824570542619994
4bb35f31f4e3e9a52d07117534a467af	d__Bacteria;p__Firmicutes;c__Bacilli;o__Bacillales	0.8227173368129173
